model,qubits,fold,bal_acc,macro_f1,macro_auc,runtime_s
Teacher (genome-wide LR),,0,0.7160401002506266,0.7227219576722792,0.9891838551458069,
VQC-CE,4.0,0,0.6820802005012532,0.6613252185220115,0.9170234669616389,6.3900792598724365
VQC-KD,4.0,0,0.6492481203007519,0.6444831591173055,0.9093298239072855,4.514033794403076
Teacher (genome-wide LR),,1,0.8532080200501252,0.8679056401552032,0.9866326275332277,
VQC-CE,4.0,1,0.8082706766917294,0.678058988173057,0.9395366635390907,4.111766815185547
VQC-KD,4.0,1,0.7896992481203007,0.732148325222687,0.9332252580832217,7.774286985397339
Teacher (genome-wide LR),,2,0.8682179430476644,0.8807323865218603,0.984621100409478,
VQC-CE,4.0,2,0.7253495730275915,0.6089633514615336,0.9278200442484472,8.985449314117432
VQC-KD,4.0,2,0.7066257272139626,0.6275857845857846,0.9363175251616823,9.102354049682617
Teacher (genome-wide LR),,3,0.8346520146520146,0.8199939018669669,0.9748737008306545,
VQC-CE,4.0,3,0.7141391941391941,0.666723295580724,0.8949070831938958,6.3406898975372314
VQC-KD,4.0,3,0.6272527472527473,0.6179435310414658,0.8934467578834717,9.344512701034546
Teacher (genome-wide LR),,4,0.8626373626373628,0.8744600438529924,0.9902741968787879,
VQC-CE,4.0,4,0.8016483516483517,0.7399477703867948,0.951759817475077,9.050814390182495
VQC-KD,4.0,4,0.6822344322344323,0.6588928627662685,0.938705354712279,9.295671939849854
VQC-CE,6.0,0,0.6474894131881428,0.6197052053124017,0.9205810108251142,21.153006315231323
VQC-KD,6.0,0,0.6666623455189699,0.6512124515881175,0.925155597775651,20.07604169845581
VQC-CE,6.0,1,0.7706516290726817,0.6621578667309217,0.9359513894567982,17.784631967544556
VQC-KD,6.0,1,0.7554636591478697,0.7215245359210257,0.9406791849444966,20.4506516456604
VQC-CE,6.0,2,0.7270639267852891,0.6392041290062329,0.9409282458860508,20.966628789901733
VQC-KD,6.0,2,0.6970901234987922,0.6450965670152878,0.9419156227407729,21.180465698242188
VQC-CE,6.0,3,0.6754945054945055,0.6414506165078246,0.9098441939056263,20.836750268936157
VQC-KD,6.0,3,0.6798901098901099,0.6663455351294009,0.8995252108452474,20.822903394699097
VQC-CE,6.0,4,0.8027472527472526,0.7081270930327535,0.9360139256824773,19.895668268203735
VQC-KD,6.0,4,0.7034798534798534,0.6592274647447062,0.9331489515721071,20.68222403526306
VQC-CE,8.0,0,0.6603880390631753,0.6380844118574179,0.9360632672485141,37.47179341316223
VQC-KD,8.0,0,0.6902169216143808,0.6932234432234432,0.939401240566306,37.965073108673096
VQC-CE,8.0,1,0.8111528822055138,0.6941657877260831,0.930478143002037,37.43513607978821
VQC-KD,8.0,1,0.7582456140350878,0.7077387087345953,0.9283258817306882,36.28579664230347
VQC-CE,8.0,2,0.7801371074745687,0.6692106321360451,0.9469334537642677,37.104437828063965
VQC-KD,8.0,2,0.8007433742727861,0.7423120089786757,0.951879352047675,37.18135714530945
VQC-CE,8.0,3,0.6673626373626373,0.6349571957451576,0.8871218604587474,34.38184189796448
VQC-KD,8.0,3,0.5964835164835164,0.5814541458813461,0.8865805638419623,29.68099808692932
VQC-CE,8.0,4,0.8071428571428573,0.7200364188571736,0.9318160975707418,37.416316509246826
VQC-KD,8.0,4,0.6177655677655677,0.6150031577617785,0.9387982641903025,38.00607752799988
