features,model,repeat,fold,bal_acc,macro_f1,macro_auc
genome-wide,LogReg_L2,0,0,0.7160401002506266,0.7227219576722792,0.9891838551458069
genome-wide,SVM_RBF,0,0,0.7550125313283208,0.8002601141030146,0.9803629139046729
genome-wide,RandomForest,0,0,0.6916040100250627,0.7092548151158627,0.9841684621481541
genome-wide,LogReg_L2,0,1,0.8532080200501252,0.8679056401552032,0.9866326275332277
genome-wide,SVM_RBF,0,1,0.8231578947368421,0.7948378332484293,0.9620810767194055
genome-wide,RandomForest,0,1,0.7193233082706767,0.762730481324904,0.9826534915688503
genome-wide,LogReg_L2,0,2,0.8682179430476644,0.8807323865218603,0.984621100409478
genome-wide,SVM_RBF,0,2,0.8336335181846017,0.8403764715238309,0.9823211387132165
genome-wide,RandomForest,0,2,0.6866080359269213,0.6954081714977237,0.9778096547113927
genome-wide,LogReg_L2,0,3,0.8346520146520146,0.8199939018669669,0.9748737008306545
genome-wide,SVM_RBF,0,3,0.7813553113553114,0.7754796001631987,0.9711008327756044
genome-wide,RandomForest,0,3,0.6701465201465201,0.6863776128718144,0.9755629373221485
genome-wide,LogReg_L2,0,4,0.8626373626373628,0.8744600438529924,0.9902741968787879
genome-wide,SVM_RBF,0,4,0.7620879120879122,0.7859224330623925,0.9711388877790214
genome-wide,RandomForest,0,4,0.6811355311355312,0.689000605272129,0.9854136862451692
genome-wide,LogReg_L2,1,0,0.8280615331432027,0.8695125919309797,0.9917748859777564
genome-wide,SVM_RBF,1,0,0.735580330135684,0.7472115138359061,0.9704783368980407
genome-wide,RandomForest,1,0,0.716658024371273,0.7216634178037686,0.9828381150481386
genome-wide,LogReg_L2,1,1,0.7946365914786968,0.7940461182897363,0.9873148163758293
genome-wide,SVM_RBF,1,1,0.6468671679197995,0.6387435860929982,0.9670398066313768
genome-wide,RandomForest,1,1,0.6721804511278195,0.6860248916114838,0.9776739424339598
genome-wide,LogReg_L2,1,2,0.7823005477494641,0.7973936651583711,0.9780121924786662
genome-wide,SVM_RBF,1,2,0.8281209811859966,0.8280517626059793,0.9753532431762206
genome-wide,RandomForest,1,2,0.6780328649678495,0.7223154038943512,0.9839604339529627
genome-wide,LogReg_L2,1,3,0.8065567765567765,0.823601925285967,0.9696358655234079
genome-wide,SVM_RBF,1,3,0.7919047619047619,0.8087441668387363,0.9674836613205635
genome-wide,RandomForest,1,3,0.6796703296703297,0.695729682556866,0.9735498469999031
genome-wide,LogReg_L2,1,4,0.8225274725274725,0.8178517361528295,0.9824976654640233
genome-wide,SVM_RBF,1,4,0.8679487179487179,0.830646135904616,0.9560980531632122
genome-wide,RandomForest,1,4,0.7677655677655677,0.8121051883439943,0.9795731036369768
genome-wide,LogReg_L2,2,0,0.7868421052631579,0.8039535278875155,0.9662180966482239
genome-wide,SVM_RBF,2,0,0.7611528822055138,0.7892508621322181,0.9717558678590953
genome-wide,RandomForest,2,0,0.6635338345864662,0.6842501095401767,0.9853875243056528
genome-wide,LogReg_L2,2,1,0.9512531328320802,0.9076725002373358,0.9923615832474499
genome-wide,SVM_RBF,2,1,0.7955388471177944,0.815189623691648,0.9770088254477187
genome-wide,RandomForest,2,1,0.7683208020050125,0.8003088133517495,0.985258840476288
genome-wide,LogReg_L2,2,2,0.7346861497635491,0.712654972540794,0.9800773700604257
genome-wide,SVM_RBF,2,2,0.6910662402612868,0.671194400107509,0.9460474465976395
genome-wide,RandomForest,2,2,0.6980964855577859,0.7022646446625037,0.9659513025402904
genome-wide,LogReg_L2,2,3,0.8243956043956043,0.8414432876438719,0.9757941150193661
genome-wide,SVM_RBF,2,3,0.7256776556776557,0.7425529456298687,0.9583517898427953
genome-wide,RandomForest,2,3,0.6034798534798534,0.6263583554715494,0.9764518224666112
genome-wide,LogReg_L2,2,4,0.8338827838827839,0.8333303064628366,0.9885855280714667
genome-wide,SVM_RBF,2,4,0.7815018315018316,0.8126142376142376,0.9720423672927587
genome-wide,RandomForest,2,4,0.7153846153846154,0.7627566538834143,0.9874291981359624
PCA-4,LogReg_L2,0,0,0.817038285368594,0.7744025501123907,0.9697818153805293
PCA-4,SVM_RBF,0,0,0.7020050125313284,0.7454990583804143,0.9707864154181272
PCA-4,RandomForest,0,0,0.6776942355889723,0.7138197015325181,0.9675511212344741
PCA-4,LogReg_L2,0,1,0.881203007518797,0.7758272378962033,0.9513351398136276
PCA-4,SVM_RBF,0,1,0.7592230576441102,0.739211727605522,0.9468139278716732
PCA-4,RandomForest,0,1,0.6596741854636592,0.6776433080634445,0.9406890995664916
PCA-4,LogReg_L2,0,2,0.8662096417514373,0.7566677854376425,0.9703183433956987
PCA-4,SVM_RBF,0,2,0.7295580580410301,0.7564265364265365,0.9677239045618917
PCA-4,RandomForest,0,2,0.7490912802367911,0.758618941933859,0.9752948871865197
PCA-4,LogReg_L2,0,3,0.7808791208791209,0.7114422084623323,0.9444506343022312
PCA-4,SVM_RBF,0,3,0.6939194139194139,0.6999740848258333,0.9414245576386808
PCA-4,RandomForest,0,3,0.6282783882783883,0.6490214139336946,0.9096717436356572
PCA-4,LogReg_L2,0,4,0.7871794871794873,0.7393042519143583,0.9662789171785933
PCA-4,SVM_RBF,0,4,0.7525641025641026,0.7740986834010088,0.9607917088683665
PCA-4,RandomForest,0,4,0.6793040293040293,0.7176587917015199,0.95076674804079
PCA-4,LogReg_L2,1,0,0.8374600293838043,0.7804652516498707,0.9722916288574709
PCA-4,SVM_RBF,1,0,0.760267046927664,0.7984951695478011,0.9683217235993358
PCA-4,RandomForest,1,0,0.6182870970529772,0.6297656371804454,0.9594219579245028
PCA-4,LogReg_L2,1,1,0.7464411027568922,0.6958322541655876,0.9581264941031549
PCA-4,SVM_RBF,1,1,0.6783458646616543,0.6950560161086476,0.9629623653799555
PCA-4,RandomForest,1,1,0.6468922305764412,0.6676646706586825,0.9501951885859471
PCA-4,LogReg_L2,1,2,0.85486544415337,0.7581199251271451,0.9526067300923525
PCA-4,SVM_RBF,1,2,0.7836627768516313,0.781323139003929,0.9532740339673186
PCA-4,RandomForest,1,2,0.7291116932603001,0.7565293822199899,0.9501564441721705
PCA-4,LogReg_L2,1,3,0.8129304029304029,0.7384358906640458,0.9576098795088057
PCA-4,SVM_RBF,1,3,0.6199633699633699,0.6222012749629898,0.9434173309934053
PCA-4,RandomForest,1,3,0.6445787545787546,0.6670904578275489,0.9373437923761146
PCA-4,LogReg_L2,1,4,0.8536630036630036,0.7476450260556221,0.9549241784543467
PCA-4,SVM_RBF,1,4,0.8467032967032967,0.8243013797337962,0.9448142517052602
PCA-4,RandomForest,1,4,0.6604395604395604,0.6951197094154198,0.9447926199739556
PCA-4,LogReg_L2,2,0,0.7887218045112782,0.722824851836781,0.9423709084419849
PCA-4,SVM_RBF,2,0,0.7281954887218045,0.732165344855084,0.9413861209229385
PCA-4,RandomForest,2,0,0.6862155388471177,0.7188713780685234,0.9226511768945199
PCA-4,LogReg_L2,2,1,0.8677944862155389,0.7404720793804886,0.9710839007716977
PCA-4,SVM_RBF,2,1,0.9135338345864662,0.9033840233049147,0.9752483131877492
PCA-4,RandomForest,2,1,0.7930576441102757,0.8239105559615825,0.9687376536747776
PCA-4,LogReg_L2,2,2,0.7215262137243561,0.6709881882823059,0.9338913762489252
PCA-4,SVM_RBF,2,2,0.6278688803456605,0.6281403257221527,0.9344879216587081
PCA-4,RandomForest,2,2,0.6467080597421155,0.6405861274820054,0.9022897373636042
PCA-4,LogReg_L2,2,3,0.8313186813186814,0.7555961013278086,0.9583707860399174
PCA-4,SVM_RBF,2,3,0.6995970695970696,0.7336971578855793,0.9606097581188632
PCA-4,RandomForest,2,3,0.6732234432234432,0.7093047366033824,0.9547672551485598
PCA-4,LogReg_L2,2,4,0.8175824175824176,0.777151198419092,0.973839712775956
PCA-4,SVM_RBF,2,4,0.7353479853479854,0.7784029453181995,0.9721787271475499
PCA-4,RandomForest,2,4,0.6128205128205129,0.6246464646464646,0.9598945236765472
PCA-6,LogReg_L2,0,0,0.8325814536340852,0.7783995510662177,0.9710641453774084
PCA-6,SVM_RBF,0,0,0.7220551378446115,0.7505980970569177,0.9660813463234057
PCA-6,RandomForest,0,0,0.6943609022556392,0.7393820245021864,0.9680964813486428
PCA-6,LogReg_L2,0,1,0.8936090225563911,0.7966531481415019,0.9581552605704932
PCA-6,SVM_RBF,0,1,0.7435588972431078,0.7362180915934228,0.9540958059877556
PCA-6,RandomForest,0,1,0.6768421052631579,0.6924553783970229,0.9507694278937509
PCA-6,LogReg_L2,0,2,0.818982750995135,0.7287624884905155,0.9685761574488716
PCA-6,SVM_RBF,0,2,0.6860221821522131,0.7018671223379724,0.9694118197893925
PCA-6,RandomForest,0,2,0.6507280645051543,0.6597499306984141,0.9725380896324081
PCA-6,LogReg_L2,0,3,0.7483882783882784,0.7034291314366502,0.9497393907680218
PCA-6,SVM_RBF,0,3,0.686043956043956,0.6905626911982423,0.9424763792572053
PCA-6,RandomForest,0,3,0.6141758241758242,0.6380340301621105,0.9308341955907041
PCA-6,LogReg_L2,0,4,0.7864468864468865,0.7639692136250964,0.96762378837361
PCA-6,SVM_RBF,0,4,0.6994505494505494,0.7394210692952276,0.9617407290840718
PCA-6,RandomForest,0,4,0.6060439560439561,0.6424729641489417,0.9530752828505271
PCA-6,LogReg_L2,1,0,0.8622720594589923,0.7822967919482451,0.9718149718484369
PCA-6,SVM_RBF,1,0,0.7813196785066113,0.8149549526575962,0.9668436847379029
PCA-6,RandomForest,1,0,0.6145276985567366,0.6253091820460241,0.9561918993445637
PCA-6,LogReg_L2,1,1,0.7478195488721805,0.7153866246035478,0.9623139304851381
PCA-6,SVM_RBF,1,1,0.6526315789473685,0.6553766233766234,0.9636513947067737
PCA-6,RandomForest,1,1,0.6092731829573934,0.6176595143986449,0.9554377912057508
PCA-6,LogReg_L2,1,2,0.8346909128023678,0.7355754207841495,0.9582764818426739
PCA-6,SVM_RBF,1,2,0.789888068587759,0.7739150280861431,0.9595782989087208
PCA-6,RandomForest,1,2,0.6529268873541321,0.6957864723303565,0.9560262109264486
PCA-6,LogReg_L2,1,3,0.7551648351648352,0.7062481043372764,0.9587317802731772
PCA-6,SVM_RBF,1,3,0.6250915750915751,0.6315139135439212,0.9439599104059135
PCA-6,RandomForest,1,3,0.6369963369963371,0.6506929793370471,0.9387688541791466
PCA-6,LogReg_L2,1,4,0.8652014652014651,0.7687457884239647,0.9586158997232301
PCA-6,SVM_RBF,1,4,0.8558608058608058,0.8413705625566262,0.9507790019849285
PCA-6,RandomForest,1,4,0.656959706959707,0.6943749657593419,0.9507774911087793
PCA-6,LogReg_L2,2,0,0.8116541353383457,0.7629709289851964,0.9513833463472027
PCA-6,SVM_RBF,2,0,0.7506265664160401,0.7779602538821588,0.9465505568720672
PCA-6,RandomForest,2,0,0.6615288220551379,0.68826919943199,0.9368373223077271
PCA-6,LogReg_L2,2,1,0.874937343358396,0.7519348911224574,0.9737248563417902
PCA-6,SVM_RBF,2,1,0.878796992481203,0.8846046805819101,0.9757199853204284
PCA-6,RandomForest,2,1,0.6958646616541354,0.6867505460056378,0.9718345529196318
PCA-6,LogReg_L2,2,2,0.7060575647262953,0.6670860281937581,0.9248743588328331
PCA-6,SVM_RBF,2,2,0.6590698465621067,0.6670396761887826,0.9416827066788951
PCA-6,RandomForest,2,2,0.6191253019426395,0.6226022776873934,0.9208084323615854
PCA-6,LogReg_L2,2,3,0.826923076923077,0.7459158600419772,0.9579193807700594
PCA-6,SVM_RBF,2,3,0.6743223443223443,0.7102365900118709,0.9579356886353907
PCA-6,RandomForest,2,3,0.6479487179487179,0.6909643213974925,0.9553461257500547
PCA-6,LogReg_L2,2,4,0.8250915750915752,0.7774290598063605,0.9710682156282713
PCA-6,SVM_RBF,2,4,0.717948717948718,0.7616987441497215,0.962530554321137
PCA-6,RandomForest,2,4,0.5946886446886447,0.600834119735995,0.9579903703079857
PCA-8,LogReg_L2,0,0,0.8507518796992481,0.8200144221702038,0.9669743289310295
PCA-8,SVM_RBF,0,0,0.713032581453634,0.753150710032066,0.9635744018697597
PCA-8,RandomForest,0,0,0.6520050125313284,0.6645291381839747,0.9533292001782965
PCA-8,LogReg_L2,0,1,0.8721804511278195,0.7901561533704391,0.9680180554402522
PCA-8,SVM_RBF,0,1,0.7778947368421053,0.7721900280327246,0.962070341762862
PCA-8,RandomForest,0,1,0.6278195488721805,0.6400319821697138,0.9520989180202408
PCA-8,LogReg_L2,0,2,0.7641554111523152,0.6987691483703753,0.9694409219322739
PCA-8,SVM_RBF,0,2,0.7549117136733235,0.771656173332151,0.9710524533244754
PCA-8,RandomForest,0,2,0.6526761473820297,0.6439304515415226,0.9676022572060132
PCA-8,LogReg_L2,0,3,0.7231135531135531,0.6845665735093124,0.9565879106299942
PCA-8,SVM_RBF,0,3,0.6911721611721611,0.7102611889906274,0.9516587989417771
PCA-8,RandomForest,0,3,0.6390842490842491,0.6820768136557611,0.9347627488490599
PCA-8,LogReg_L2,0,4,0.806959706959707,0.769080764824581,0.9761544767038846
PCA-8,SVM_RBF,0,4,0.7609890109890111,0.7898812881935757,0.9716596871311356
PCA-8,RandomForest,0,4,0.5943223443223443,0.5914637893041783,0.9651424950212103
PCA-8,LogReg_L2,1,0,0.8365828364013481,0.8052698625544753,0.9767390435618903
PCA-8,SVM_RBF,1,0,0.7898409817647567,0.8105807200929153,0.9704643942705129
PCA-8,RandomForest,1,0,0.6268084003111227,0.6417130219420677,0.9625671969375809
PCA-8,LogReg_L2,1,1,0.7578446115288221,0.7121001399510172,0.9676998684725403
PCA-8,SVM_RBF,1,1,0.6349624060150376,0.6400278001972917,0.9688790856357146
PCA-8,RandomForest,1,1,0.6521303258145363,0.6532685560053981,0.9668223453405222
PCA-8,LogReg_L2,1,2,0.8288020957370803,0.7494854070660522,0.9646054249428658
PCA-8,SVM_RBF,1,2,0.8027673255537033,0.7928354978354978,0.9633097487966893
PCA-8,RandomForest,1,2,0.6546272922124315,0.6996589299335294,0.9545273159112364
PCA-8,LogReg_L2,1,3,0.736043956043956,0.7201617846386761,0.9618130605893217
PCA-8,SVM_RBF,1,3,0.6736263736263737,0.6808816669086711,0.9525836098496108
PCA-8,RandomForest,1,3,0.6523809523809524,0.6656890943331621,0.9410906319090093
PCA-8,LogReg_L2,1,4,0.8576923076923076,0.7826946273446577,0.9608010551826862
PCA-8,SVM_RBF,1,4,0.8589743589743591,0.8330807360747482,0.9536589733513964
PCA-8,RandomForest,1,4,0.6247252747252747,0.6219655912110968,0.9511449009557464
PCA-8,LogReg_L2,2,0,0.7868421052631579,0.7396698489142498,0.9557139352311272
PCA-8,SVM_RBF,2,0,0.7487468671679198,0.7761938592548558,0.9516136995512469
PCA-8,RandomForest,2,0,0.687218045112782,0.7276126601515502,0.943960393841371
PCA-8,LogReg_L2,2,1,0.8897243107769424,0.7968351522826883,0.9761821536764111
PCA-8,SVM_RBF,2,1,0.838796992481203,0.8557536313903038,0.9787917466653584
PCA-8,RandomForest,2,1,0.7020050125313283,0.6891986331673061,0.9749921683471559
PCA-8,LogReg_L2,2,2,0.7296155547239138,0.685680462016999,0.9460107946069624
PCA-8,SVM_RBF,2,2,0.6491293845473413,0.6518949025779758,0.9453097831342443
PCA-8,RandomForest,2,2,0.5907090123498792,0.5950620001467459,0.9038907001900945
PCA-8,LogReg_L2,2,3,0.8217948717948719,0.7524277259468988,0.9624492279232374
PCA-8,SVM_RBF,2,3,0.7348351648351649,0.7830929635336414,0.9601906734695611
PCA-8,RandomForest,2,3,0.6503296703296704,0.6950483558994198,0.9553403306769381
PCA-8,LogReg_L2,2,4,0.7521978021978023,0.7484152987154504,0.9771702376733927
PCA-8,SVM_RBF,2,4,0.7542124542124542,0.7692247414401636,0.9695757460475253
PCA-8,RandomForest,2,4,0.6254578754578755,0.6288901326895542,0.9634163140359441
