model,kernel,qubits,bandwidth,repeat,fold,C,bal_acc,macro_f1,macro_auc,kta,offdiag_mean,offdiag_var,runtime_s,config
QSVM,ZZ-reps1-bw1.0,4,1.0,0,0,1.0,0.5029643073200242,0.5256339473730778,0.8802518882445604,0.12432507385413746,0.07873341695286264,0.013305720267546544,0.9534320831298828,QSVM ZZ-reps1-bw1.0
QSVM,ZZ-reps1-bw0.5,4,0.5,0,0,1.0,0.6329573934837092,0.6419571489962551,0.9209841035344446,0.18381146766581266,0.10759688580176995,0.028524902998326964,0.9414541721343994,QSVM ZZ-reps1-bw0.5
QSVM,ZZ-reps1-bw0.25,4,0.25,0,0,1.0,0.7144110275689222,0.7417990036458768,0.9497044328522726,0.25405950104939423,0.26378182961587776,0.07141137271913475,0.8625686168670654,QSVM ZZ-reps1-bw0.25
QSVM,ZZ-reps1-bw0.1,4,0.1,0,0,10.0,0.7025062656641603,0.7448551449623277,0.9545419977797935,0.23316210991606762,0.6994501071076946,0.043127314301179845,0.8749411106109619,QSVM ZZ-reps1-bw0.1
QSVM,ZZ-reps2-bw1.0,4,1.0,0,0,1.0,0.44316826549131444,0.471683421912019,0.8415412577495005,0.09260890236304681,0.08228940177530054,0.009851442032868427,1.4665679931640625,QSVM ZZ-reps2-bw1.0
QSVM,ZZ-reps2-bw0.5,4,0.5,0,0,1.0,0.574055829228243,0.5854738015607581,0.9024818172705844,0.11751084297727415,0.12437172773619502,0.02275925042235983,1.3487591743469238,QSVM ZZ-reps2-bw0.5
QSVM,ZZ-reps2-bw0.25,4,0.25,0,0,1.0,0.6095238095238095,0.6105970975961006,0.9354805465574895,0.21324637516507394,0.16819531767980656,0.04384945285311203,1.3747656345367432,QSVM ZZ-reps2-bw0.25
QSVM,ZZ-reps2-bw0.1,4,0.1,0,0,10.0,0.7139097744360903,0.7544683897026869,0.9581919190781539,0.23864066022625272,0.5907172712563535,0.05710457998561198,1.2992439270019531,QSVM ZZ-reps2-bw0.1
SVM_RBF,classical,4,,0,0,1.0,0.7154135338345865,0.7563486501889103,0.9717813060595002,,,,0.1479787826538086,SVM_RBF
LogReg_L2,classical,4,,0,0,10.0,0.8098954282257367,0.7557142636380155,0.9690199188297539,,,,0.05601000785827637,LogReg_L2
QSVM,ZZ-reps1-bw1.0,4,1.0,0,1,1.0,0.5829573934837092,0.5556340359783689,0.903712071325053,0.16844132286768737,0.09815445856656692,0.017992987179610984,1.010925054550171,QSVM ZZ-reps1-bw1.0
QSVM,ZZ-reps1-bw0.5,4,0.5,0,1,1.0,0.6969172932330827,0.6799295551407136,0.9400597694421616,0.25315067082231485,0.13562294114759457,0.03615252497182008,0.9000778198242188,QSVM ZZ-reps1-bw0.5
QSVM,ZZ-reps1-bw0.25,4,0.25,0,1,1.0,0.7277694235588973,0.7254733672124977,0.9470895053271461,0.39380907722318226,0.3055440432607502,0.08066529751375963,0.9270362854003906,QSVM ZZ-reps1-bw0.25
QSVM,ZZ-reps1-bw0.1,4,0.1,0,1,1.0,0.6796240601503759,0.6835656794315538,0.9378419134903699,0.45969073241786024,0.7151448501370139,0.04522717362945901,0.8662259578704834,QSVM ZZ-reps1-bw0.1
QSVM,ZZ-reps2-bw1.0,4,1.0,0,1,1.0,0.4152882205513785,0.42243276791349993,0.8404015628194912,0.11686840756809082,0.08527249804504619,0.011032406387080737,1.2595806121826172,QSVM ZZ-reps2-bw1.0
QSVM,ZZ-reps2-bw0.5,4,0.5,0,1,1.0,0.5950125313283208,0.5929800307219663,0.91288313011771,0.15863481363845874,0.11770797161289599,0.021693084067551847,1.2654893398284912,QSVM ZZ-reps2-bw0.5
QSVM,ZZ-reps2-bw0.25,4,0.25,0,1,1.0,0.7849373433583959,0.7716007422077112,0.9456606938977169,0.29501579771045017,0.19802029805550628,0.05168109439661684,1.401803731918335,QSVM ZZ-reps2-bw0.25
QSVM,ZZ-reps2-bw0.1,4,0.1,0,1,10.0,0.7578446115288221,0.7447745201170392,0.9507458793138313,0.43369600221385224,0.5947982628234914,0.061951206677104236,1.20332932472229,QSVM ZZ-reps2-bw0.1
SVM_RBF,classical,4,,0,1,0.1,0.7773934837092732,0.7615994933005049,0.9455662798655396,,,,0.18636107444763184,SVM_RBF
LogReg_L2,classical,4,,0,1,10.0,0.8788220551378446,0.7658080808080807,0.9515850392264701,,,,0.06295323371887207,LogReg_L2
QSVM,ZZ-reps1-bw1.0,4,1.0,0,2,1.0,0.5517609634947097,0.5532309389452246,0.9153344520428682,0.13145190375839833,0.08729769785377345,0.01595953729271755,0.8924317359924316,QSVM ZZ-reps1-bw1.0
QSVM,ZZ-reps1-bw0.5,4,0.5,0,2,1.0,0.6778617357874325,0.6780479423136878,0.9553107472881056,0.17940686581114912,0.1173570012160507,0.0323421212655855,0.9710326194763184,QSVM ZZ-reps1-bw0.5
QSVM,ZZ-reps1-bw0.25,4,0.25,0,2,1.0,0.7008209437621202,0.7163805165086629,0.9593158448509064,0.2337720922103482,0.274561424145414,0.0754174687455423,0.8787670135498047,QSVM ZZ-reps1-bw0.25
QSVM,ZZ-reps1-bw0.1,4,0.1,0,2,100.0,0.7559691082910899,0.7762291659578705,0.9729350912562232,0.21392989562889617,0.7039816205451311,0.04294825125326643,0.9534549713134766,QSVM ZZ-reps1-bw0.1
QSVM,ZZ-reps2-bw1.0,4,1.0,0,2,1.0,0.5506338243799546,0.5931345162421745,0.8664652480483159,0.09284904513456488,0.09601886253615656,0.012526934748395446,1.4459726810455322,QSVM ZZ-reps2-bw1.0
QSVM,ZZ-reps2-bw0.5,4,0.5,0,2,1.0,0.6576188208076753,0.6686118326118327,0.9398143777996835,0.11861515164657865,0.10842499593928244,0.018029581652855824,1.2319793701171875,QSVM ZZ-reps2-bw0.5
QSVM,ZZ-reps2-bw0.25,4,0.25,0,2,1.0,0.6762055591467357,0.6947625321538365,0.9585249607566297,0.18905257817240925,0.19254987190474043,0.05080310508848494,1.4576280117034912,QSVM ZZ-reps2-bw0.25
QSVM,ZZ-reps2-bw0.1,4,0.1,0,2,100.0,0.6942639403939713,0.6983886991129132,0.9734181788980761,0.2183148445888174,0.5757385155075321,0.06118182727240209,1.2718479633331299,QSVM ZZ-reps2-bw0.1
SVM_RBF,classical,4,,0,2,1.0,0.7420324567073793,0.753706284842754,0.9701875569316339,,,,0.16185832023620605,SVM_RBF
LogReg_L2,classical,4,,0,2,10.0,0.8662096417514373,0.7566677854376425,0.970472985134051,,,,0.07433009147644043,LogReg_L2
QSVM,ZZ-reps1-bw1.0,4,1.0,0,3,0.1,0.46410256410256406,0.4654873483856461,0.815068913370613,0.1341487003980292,0.08092154055574421,0.014094972114025425,1.6661102771759033,QSVM ZZ-reps1-bw1.0
QSVM,ZZ-reps1-bw0.5,4,0.5,0,3,0.1,0.5516483516483517,0.5446843096441669,0.8812564652960365,0.18847316029113906,0.11170433597136377,0.030037874394093493,3.164623260498047,QSVM ZZ-reps1-bw0.5
QSVM,ZZ-reps1-bw0.25,4,0.25,0,3,1.0,0.5978021978021978,0.5936588591931579,0.9317663302351246,0.25714318047904433,0.27002424449892953,0.07288897277902195,2.9191269874572754,QSVM ZZ-reps1-bw0.25
QSVM,ZZ-reps1-bw0.1,4,0.1,0,3,100.0,0.6809157509157509,0.7083549783549783,0.9475801111477038,0.23757325286877817,0.7037631678716376,0.04238729657866533,3.0291922092437744,QSVM ZZ-reps1-bw0.1
QSVM,ZZ-reps2-bw1.0,4,1.0,0,3,1.0,0.4694139194139194,0.4798111192036024,0.7698234754731033,0.09223685144996487,0.08928662374779665,0.010928212152566903,4.629352331161499,QSVM ZZ-reps2-bw1.0
QSVM,ZZ-reps2-bw0.5,4,0.5,0,3,1.0,0.5496336996336997,0.5446954879724725,0.8757335584427377,0.1230184273944927,0.11042320771306208,0.018730241834640605,4.600581407546997,QSVM ZZ-reps2-bw0.5
QSVM,ZZ-reps2-bw0.25,4,0.25,0,3,1.0,0.5705128205128205,0.5645677608655786,0.9269825853470512,0.2207193486243742,0.17672025471477462,0.04739772423031442,4.440367937088013,QSVM ZZ-reps2-bw0.25
QSVM,ZZ-reps2-bw0.1,4,0.1,0,3,10.0,0.6695604395604395,0.7069820705610179,0.9363727880063264,0.2519026082965822,0.5848274156239611,0.05822842510785829,4.874035835266113,QSVM ZZ-reps2-bw0.1
SVM_RBF,classical,4,,0,3,0.1,0.6864102564102563,0.6964962814962815,0.9366191045681591,,,,0.5893077850341797,SVM_RBF
LogReg_L2,classical,4,,0,3,10.0,0.7808791208791209,0.7114422084623323,0.9434506860045584,,,,0.21273469924926758,LogReg_L2
QSVM,ZZ-reps1-bw1.0,4,1.0,0,4,1.0,0.49633699633699635,0.49150014736221637,0.9307175786780226,0.11318855723225281,0.08075077808963763,0.013896513722817432,3.0458436012268066,QSVM ZZ-reps1-bw1.0
QSVM,ZZ-reps1-bw0.5,4,0.5,0,4,0.1,0.5516483516483517,0.5487397518682434,0.9364917956971981,0.17586301256769882,0.10880357769133576,0.029083731278198362,3.0019924640655518,QSVM ZZ-reps1-bw0.5
QSVM,ZZ-reps1-bw0.25,4,0.25,0,4,10.0,0.6525641025641026,0.6790716977778329,0.9614281161434695,0.2437871919403854,0.26023948288409704,0.07214384039906888,2.8905131816864014,QSVM ZZ-reps1-bw0.25
QSVM,ZZ-reps1-bw0.1,4,0.1,0,4,10.0,0.6474358974358975,0.6751515151515151,0.9676124420714117,0.22163648062787997,0.6948032499357577,0.043582394727555596,3.001756429672241,QSVM ZZ-reps1-bw0.1
QSVM,ZZ-reps2-bw1.0,4,1.0,0,4,1.0,0.441941391941392,0.45679582371414906,0.8866567723601844,0.0846777916136261,0.08796663559966664,0.010642528988765084,4.792583703994751,QSVM ZZ-reps2-bw1.0
QSVM,ZZ-reps2-bw0.5,4,0.5,0,4,1.0,0.5355311355311356,0.5380952380952382,0.9275433095089513,0.11570046166947047,0.11184598715584249,0.019166445760227174,4.755180835723877,QSVM ZZ-reps2-bw0.5
QSVM,ZZ-reps2-bw0.25,4,0.25,0,4,10.0,0.6186813186813187,0.6475558077383627,0.9469907991796738,0.1968729043192334,0.172862953131977,0.04559402895574406,5.161139249801636,QSVM ZZ-reps2-bw0.25
QSVM,ZZ-reps2-bw0.1,4,0.1,0,4,10.0,0.7254578754578754,0.7586773936362976,0.9674447307535937,0.2300895750691921,0.5771987536957294,0.05887274667886693,4.798619747161865,QSVM ZZ-reps2-bw0.1
SVM_RBF,classical,4,,0,4,0.1,0.7245421245421245,0.743041022024688,0.961448059810769,,,,0.6974678039550781,SVM_RBF
LogReg_L2,classical,4,,0,4,10.0,0.7871794871794873,0.7393042519143583,0.9658040146116477,,,,0.18085265159606934,LogReg_L2
QSVM,ZZ-reps1-bw1.0,6,1.0,0,0,1.0,0.49018667358050294,0.50825,0.845796129585551,0.10049738689638885,0.022389612934555967,0.0023183942549812706,4.522950172424316,QSVM ZZ-reps1-bw1.0
QSVM,ZZ-reps1-bw0.5,6,0.5,0,0,1.0,0.6255595886267392,0.6158936309473707,0.9191089398904794,0.1514641598800685,0.03469093027906874,0.0072268660658315375,4.529458999633789,QSVM ZZ-reps1-bw0.5
QSVM,ZZ-reps1-bw0.25,6,0.25,0,0,0.1,0.6394520784720422,0.6322093770070649,0.9459432443396594,0.223370624748812,0.14122102127801367,0.036055353134309846,4.552687644958496,QSVM ZZ-reps1-bw0.25
QSVM,ZZ-reps1-bw0.1,6,0.1,0,0,10.0,0.7063909774436089,0.7458281022437048,0.9448715204082175,0.21529023615463336,0.590021888128803,0.04627163566107668,4.4382054805755615,QSVM ZZ-reps1-bw0.1
QSVM,ZZ-reps2-bw1.0,6,1.0,0,0,1.0,0.4382896897415954,0.4607206491140918,0.7880225971355992,0.08084997451993299,0.02244407880959946,0.001356771002987975,7.340935945510864,QSVM ZZ-reps2-bw1.0
QSVM,ZZ-reps2-bw0.5,6,0.5,0,0,1.0,0.5615201797597442,0.5758689208365135,0.9067998710462147,0.10135025752910498,0.03553758657673589,0.003931494101600833,7.627464056015015,QSVM ZZ-reps2-bw0.5
QSVM,ZZ-reps2-bw0.25,6,0.25,0,0,1.0,0.6458560193587417,0.6397402234480755,0.9167855389920699,0.19291404049409716,0.07337548994866354,0.016367937168448317,7.671647310256958,QSVM ZZ-reps2-bw0.25
QSVM,ZZ-reps2-bw0.1,6,0.1,0,0,1.0,0.6918416731483882,0.7071025020177563,0.9452967195332522,0.21957332033888674,0.4411286996299226,0.053788919149606415,7.666152477264404,QSVM ZZ-reps2-bw0.1
SVM_RBF,classical,6,,0,0,1.0,0.7167919799498745,0.7458958837772397,0.9670385900926199,,,,0.4777219295501709,SVM_RBF
LogReg_L2,classical,6,,0,0,10.0,0.8325814536340852,0.7783995510662177,0.9709314494706005,,,,0.2178940773010254,LogReg_L2
QSVM,ZZ-reps1-bw1.0,6,1.0,0,1,1.0,0.512406015037594,0.4935195582379424,0.8833461561210599,0.11765998845300278,0.02557872594578558,0.0029233819933465704,4.7449986934661865,QSVM ZZ-reps1-bw1.0
QSVM,ZZ-reps1-bw0.5,6,0.5,0,1,10.0,0.6044110275689224,0.6217314974182443,0.9327903584454514,0.18304163651820562,0.0438161311144709,0.009623661066276235,4.823284149169922,QSVM ZZ-reps1-bw0.5
QSVM,ZZ-reps1-bw0.25,6,0.25,0,1,0.1,0.658295739348371,0.6806745944818233,0.9305379184169926,0.310949052493,0.16453820153013918,0.04298556715953425,4.169041872024536,QSVM ZZ-reps1-bw0.25
QSVM,ZZ-reps1-bw0.1,6,0.1,0,1,1.0,0.782155388471178,0.7771600636641287,0.9507904099133629,0.3916019632252169,0.605460759583367,0.048016625161903394,4.373510360717773,QSVM ZZ-reps1-bw0.1
QSVM,ZZ-reps2-bw1.0,6,1.0,0,1,1.0,0.36654135338345867,0.3765205165205165,0.7693011859195175,0.09396512738683091,0.02260872207429925,0.0014367656161258745,7.839187145233154,QSVM ZZ-reps2-bw1.0
QSVM,ZZ-reps2-bw0.5,6,0.5,0,1,1.0,0.5481453634085214,0.5714228828290718,0.9062771016474371,0.1316073499067041,0.0370589425562603,0.004613612292079248,7.668163299560547,QSVM ZZ-reps2-bw0.5
QSVM,ZZ-reps2-bw0.25,6,0.25,0,1,1.0,0.6559147869674187,0.6648868748842018,0.9369535208311083,0.25922928331405104,0.09212971199239324,0.021051303539320384,7.527209997177124,QSVM ZZ-reps2-bw0.25
QSVM,ZZ-reps2-bw0.1,6,0.1,0,1,1.0,0.7054385964912281,0.7029567814306771,0.9459772401403796,0.3825390008175458,0.45628972055278433,0.05713567479014878,7.502234220504761,QSVM ZZ-reps2-bw0.1
SVM_RBF,classical,6,,0,1,0.1,0.7440601503759398,0.7438332255979316,0.952148930342236,,,,0.7840185165405273,SVM_RBF
LogReg_L2,classical,6,,0,1,10.0,0.8959899749373434,0.7999266615737204,0.9582112829794568,,,,0.3012228012084961,LogReg_L2
QSVM,ZZ-reps1-bw1.0,6,1.0,0,2,1.0,0.5078471064539175,0.5222564418932314,0.883149012299759,0.10049780964921659,0.022546373840836933,0.002476085213640548,4.378204584121704,QSVM ZZ-reps1-bw1.0
QSVM,ZZ-reps1-bw0.5,6,0.5,0,2,0.1,0.4393052767665771,0.45843217669843056,0.9137452359386294,0.13980343901347725,0.037604068955774964,0.00799893454532694,4.543190240859985,QSVM ZZ-reps1-bw0.5
QSVM,ZZ-reps1-bw0.25,6,0.25,0,2,1.0,0.7009733610043207,0.6935415993624948,0.9453459760915225,0.19831217950085328,0.14884629554566495,0.03840256153201666,4.391942024230957,QSVM ZZ-reps1-bw0.25
QSVM,ZZ-reps1-bw0.1,6,0.1,0,2,10.0,0.743759738713299,0.7760347390470257,0.9624767739955283,0.19185371623207553,0.598226343882746,0.045880801918181925,4.109052658081055,QSVM ZZ-reps1-bw0.1
QSVM,ZZ-reps2-bw1.0,6,1.0,0,2,1.0,0.3700901575204981,0.38850848804860044,0.7847696778611634,0.08027171752197912,0.0256974218538284,0.0016977996446427297,7.641469955444336,QSVM ZZ-reps2-bw1.0
QSVM,ZZ-reps2-bw0.5,6,0.5,0,2,1.0,0.5318368318987515,0.5811896003186412,0.8867626258306924,0.10004093190332156,0.03334363051994189,0.003695750930639768,8.228960275650024,QSVM ZZ-reps2-bw0.5
QSVM,ZZ-reps2-bw0.25,6,0.25,0,2,1.0,0.6396158949409723,0.6646113306982873,0.9420551112017062,0.17951719270540223,0.08115169181205956,0.018236749484263376,7.395678281784058,QSVM ZZ-reps2-bw0.25
QSVM,ZZ-reps2-bw0.1,6,0.1,0,2,1.0,0.6771105365223012,0.711218605955448,0.9541733300352806,0.2015596315521764,0.4419746086986324,0.056229877909803154,7.857380151748657,QSVM ZZ-reps2-bw0.1
SVM_RBF,classical,6,,0,2,0.1,0.6538590820943762,0.6400074727943581,0.9646236577484938,,,,0.739133358001709,SVM_RBF
LogReg_L2,classical,6,,0,2,10.0,0.8261256081379921,0.734701881979974,0.9709619591563314,,,,0.2706749439239502,LogReg_L2
QSVM,ZZ-reps1-bw1.0,6,1.0,0,3,1.0,0.4120879120879121,0.4152791710906894,0.8078622040685784,0.0973413541820288,0.021405489177180676,0.0021781701193761185,4.714881658554077,QSVM ZZ-reps1-bw1.0
QSVM,ZZ-reps1-bw0.5,6,0.5,0,3,1.0,0.5148351648351648,0.5216401575952136,0.8746051025526542,0.14796299113330105,0.03449090376954889,0.007179635421843813,4.432961702346802,QSVM ZZ-reps1-bw0.5
QSVM,ZZ-reps1-bw0.25,6,0.25,0,3,0.1,0.5578754578754579,0.5466785213664945,0.8949010745078532,0.21662605511712948,0.14121015898708025,0.03640230576559745,4.256206035614014,QSVM ZZ-reps1-bw0.25
QSVM,ZZ-reps1-bw0.1,6,0.1,0,3,10.0,0.7055311355311356,0.7279354479166862,0.9372307540236966,0.21109472153658795,0.588874440147158,0.04686888791479233,4.330319404602051,QSVM ZZ-reps1-bw0.1
QSVM,ZZ-reps2-bw1.0,6,1.0,0,3,1.0,0.36868131868131865,0.38253119429590016,0.7639496454597413,0.07682593755312678,0.02351475118362357,0.0013905743674585162,7.401904582977295,QSVM ZZ-reps2-bw1.0
QSVM,ZZ-reps2-bw0.5,6,0.5,0,3,1.0,0.47106227106227105,0.475693670623248,0.870836716455466,0.10257332157692349,0.03423735125277367,0.0038665420713767645,7.559452533721924,QSVM ZZ-reps2-bw0.5
QSVM,ZZ-reps2-bw0.25,6,0.25,0,3,1.0,0.5551282051282052,0.5500523547031136,0.894916139401413,0.1987716660776302,0.08085509288661438,0.018054750298186636,7.564826965332031,QSVM ZZ-reps2-bw0.25
QSVM,ZZ-reps2-bw0.1,6,0.1,0,3,10.0,0.63989010989011,0.6669057686499547,0.9257303886109828,0.22742230144987943,0.4418602161915772,0.05509338788008989,7.424410343170166,QSVM ZZ-reps2-bw0.1
SVM_RBF,classical,6,,0,3,0.1,0.671025641025641,0.6682906940553999,0.9403222992000003,,,,0.6981089115142822,SVM_RBF
LogReg_L2,classical,6,,0,3,1.0,0.7309890109890109,0.674657477025898,0.9418589253961566,,,,0.2641310691833496,LogReg_L2
QSVM,ZZ-reps1-bw1.0,6,1.0,0,4,1.0,0.4373626373626374,0.4352085453498371,0.8850692192294798,0.09962259531879837,0.022548353454282764,0.002415979139264376,3.834552049636841,QSVM ZZ-reps1-bw1.0
QSVM,ZZ-reps1-bw0.5,6,0.5,0,4,1.0,0.582051282051282,0.5765008025682183,0.9255214927281615,0.1494899525293833,0.03529466129966239,0.007515561967994897,2.8389196395874023,QSVM ZZ-reps1-bw0.5
QSVM,ZZ-reps1-bw0.25,6,0.25,0,4,0.1,0.5827838827838828,0.5774388961685741,0.9258107706975499,0.2201815019378856,0.14148032405038902,0.03669747390968683,3.3140957355499268,QSVM ZZ-reps1-bw0.25
QSVM,ZZ-reps1-bw0.1,6,0.1,0,4,1.0,0.6847985347985348,0.72604821390543,0.951812534121648,0.2080125426977021,0.5903036247994378,0.046076336099584836,2.811701536178589,QSVM ZZ-reps1-bw0.1
QSVM,ZZ-reps2-bw1.0,6,1.0,0,4,1.0,0.3476190476190476,0.3563920439396363,0.8082039241782597,0.07973229343164619,0.02322972850001133,0.0014605808290449375,7.275278091430664,QSVM ZZ-reps2-bw1.0
QSVM,ZZ-reps2-bw0.5,6,0.5,0,4,1.0,0.4873626373626374,0.48516755985021726,0.8740240768798344,0.101925524214077,0.03543737885703123,0.004113539912031725,7.8917460441589355,QSVM ZZ-reps2-bw0.5
QSVM,ZZ-reps2-bw0.25,6,0.25,0,4,0.1,0.5677655677655677,0.5601232665639445,0.9163027610372874,0.1915170671542121,0.07527710727918839,0.017273111748567212,7.059563875198364,QSVM ZZ-reps2-bw0.25
QSVM,ZZ-reps2-bw0.1,6,0.1,0,4,1.0,0.632051282051282,0.6655854612376351,0.9515235545398966,0.21545111583297338,0.44104679378481654,0.0543748073956869,7.04693865776062,QSVM ZZ-reps2-bw0.1
SVM_RBF,classical,6,,0,4,0.1,0.7148351648351648,0.7501178451178452,0.9579188658283128,,,,0.6674771308898926,SVM_RBF
LogReg_L2,classical,6,,0,4,10.0,0.7793040293040292,0.7465720196241289,0.9672962345878681,,,,0.23990249633789062,LogReg_L2
QSVM,ZZ-reps1-bw1.0,8,1.0,0,0,1.0,0.41648949961109666,0.4362963804292271,0.8328911200697006,0.08687680165363687,0.006162843771437817,0.00041139364726657397,5.712327003479004,QSVM ZZ-reps1-bw1.0
QSVM,ZZ-reps1-bw0.5,8,0.5,0,0,1.0,0.6488592170080374,0.6723808255825902,0.9115481430655933,0.12793766969632409,0.01176110338777022,0.00186862962899761,5.817985773086548,QSVM ZZ-reps1-bw0.5
QSVM,ZZ-reps1-bw0.25,8,0.25,0,0,1.0,0.6794356581107943,0.6994159403814577,0.9336803203980327,0.2092779959310881,0.07587702179429602,0.01717168890487151,5.599085569381714,QSVM ZZ-reps1-bw0.25
QSVM,ZZ-reps1-bw0.1,8,0.1,0,0,1.0,0.6887131622158845,0.7087960285328706,0.9485950274650146,0.21272007318994904,0.4972143398602681,0.0440163704453984,5.629581689834595,QSVM ZZ-reps1-bw0.1
QSVM,ZZ-reps2-bw1.0,8,1.0,0,0,1.0,0.34552761213378275,0.36891231964483906,0.7146541966508492,0.0760709593760895,0.007319404588723355,0.0002346802863951231,10.575778722763062,QSVM ZZ-reps2-bw1.0
QSVM,ZZ-reps2-bw0.5,8,0.5,0,0,1.0,0.5641517587071126,0.5587469028951567,0.8593784818818161,0.087881118632677,0.009550826632811676,0.000594728705421444,9.578323364257812,QSVM ZZ-reps2-bw0.5
QSVM,ZZ-reps2-bw0.25,8,0.25,0,0,1.0,0.6170296430732003,0.6317008558387869,0.9242912050868662,0.17697692930664857,0.03582675364129449,0.0064359150919398355,9.44552731513977,QSVM ZZ-reps2-bw0.25
QSVM,ZZ-reps2-bw0.1,8,0.1,0,0,1.0,0.690839166882724,0.703254713465981,0.9430572523666255,0.21425485057395305,0.3306090783571232,0.04405883116925201,9.704469442367554,QSVM ZZ-reps2-bw0.1
SVM_RBF,classical,8,,0,0,0.1,0.7106516290726816,0.7257874772577951,0.9606425404103736,,,,0.524827241897583,SVM_RBF
LogReg_L2,classical,8,,0,0,0.1,0.7883372223662606,0.7063528425597391,0.9488401458923595,,,,0.2072451114654541,LogReg_L2
QSVM,ZZ-reps1-bw1.0,8,1.0,0,1,1.0,0.4619047619047619,0.45630952380952383,0.8284755338217445,0.08576362641738637,0.006026092260628321,0.00033646880490693015,6.062015771865845,QSVM ZZ-reps1-bw1.0
QSVM,ZZ-reps1-bw0.5,8,0.5,0,1,1.0,0.6288220551378446,0.6347487309186782,0.9180745494629461,0.1350000344659365,0.012950606741450389,0.0020373243882554136,5.52953028678894,QSVM ZZ-reps1-bw0.5
QSVM,ZZ-reps1-bw0.25,8,0.25,0,1,0.1,0.6225563909774435,0.6253890857547838,0.9124101642590811,0.2676331985361137,0.08539127254827257,0.01976063922508769,5.654412269592285,QSVM ZZ-reps1-bw0.25
QSVM,ZZ-reps1-bw0.1,8,0.1,0,1,1.0,0.7712531328320803,0.7729460958611861,0.9545946487084146,0.372503947443564,0.5068946692095964,0.04693857324125557,5.368084669113159,QSVM ZZ-reps1-bw0.1
QSVM,ZZ-reps2-bw1.0,8,1.0,0,1,1.0,0.3503759398496241,0.3548117387025475,0.7120095256868886,0.07663606284641607,0.0059636691387258784,0.0001510760897492743,9.94720983505249,QSVM ZZ-reps2-bw1.0
QSVM,ZZ-reps2-bw0.5,8,0.5,0,1,1.0,0.506140350877193,0.5079234122042341,0.8814317211309358,0.11065567070446973,0.013106200131071916,0.0010616303372565322,11.010811805725098,QSVM ZZ-reps2-bw0.5
QSVM,ZZ-reps2-bw0.25,8,0.25,0,1,0.1,0.618295739348371,0.6189162390039342,0.9128599737418449,0.23105040740044142,0.04868492000523576,0.008993190969078052,9.746258974075317,QSVM ZZ-reps2-bw0.25
QSVM,ZZ-reps2-bw0.1,8,0.1,0,1,1.0,0.7816541353383458,0.7754761904761904,0.9510913773920118,0.3734371605260208,0.3602248443961806,0.048594166035051796,11.840619802474976,QSVM ZZ-reps2-bw0.1
SVM_RBF,classical,8,,0,1,0.1,0.7498245614035087,0.7663908936220147,0.9585496649543341,,,,0.594212532043457,SVM_RBF
LogReg_L2,classical,8,,0,1,10.0,0.8721804511278195,0.7901561533704391,0.9683106862887787,,,,0.3390171527862549,LogReg_L2
QSVM,ZZ-reps1-bw1.0,8,1.0,0,2,1.0,0.4753349436940768,0.48274853801169587,0.8711593043815113,0.08265185916158828,0.00542785235721238,0.00029030599220100276,4.651330471038818,QSVM ZZ-reps1-bw1.0
QSVM,ZZ-reps1-bw0.5,8,0.5,0,2,1.0,0.5562171265267241,0.566601064407516,0.9205615035240156,0.12384918962964911,0.01179445480895781,0.0017948147172739488,3.8309872150421143,QSVM ZZ-reps1-bw0.5
QSVM,ZZ-reps1-bw0.25,8,0.25,0,2,1.0,0.6914091790562378,0.6787668449391321,0.9491187506340113,0.1999122028054288,0.07969239192265232,0.018088050032824626,3.2644267082214355,QSVM ZZ-reps1-bw0.25
QSVM,ZZ-reps1-bw0.1,8,0.1,0,2,1.0,0.7520855305685027,0.7641206042534316,0.9610651257019047,0.20144137526387235,0.5075917879855643,0.04419734367419312,2.1061785221099854,QSVM ZZ-reps1-bw0.1
QSVM,ZZ-reps2-bw1.0,8,1.0,0,2,1.0,0.3710233729119178,0.3908405481620739,0.8027615715348958,0.07158195653753376,0.006848062333096768,0.00018216496967648493,2.484951972961426,QSVM ZZ-reps2-bw1.0
QSVM,ZZ-reps2-bw0.5,8,0.5,0,2,1.0,0.4943421903174225,0.4999019935321236,0.8762485775872053,0.09210327530538116,0.011830859037014883,0.0008544711161985534,2.7057487964630127,QSVM ZZ-reps2-bw0.5
QSVM,ZZ-reps2-bw0.25,8,0.25,0,2,1.0,0.6259714898104992,0.6221055537394211,0.9452053201391586,0.1856339427539871,0.04478933715326788,0.00816825758587387,2.4460384845733643,QSVM ZZ-reps2-bw0.25
QSVM,ZZ-reps2-bw0.1,8,0.1,0,2,1.0,0.7638216582179431,0.7511904761904762,0.9591481832288139,0.2154399358577869,0.35616720573658517,0.04713181072191817,2.3934311866760254,QSVM ZZ-reps2-bw0.1
SVM_RBF,classical,8,,0,2,0.1,0.7167914129214439,0.7322665185994378,0.967969240221201,,,,0.20974278450012207,SVM_RBF
LogReg_L2,classical,8,,0,2,10.0,0.8489453271187017,0.7481200586454009,0.9725659635226537,,,,0.10001373291015625,LogReg_L2
QSVM,ZZ-reps1-bw1.0,8,1.0,0,3,1.0,0.4384615384615385,0.45045427099686436,0.7975450504156181,0.08063760502033705,0.0051724233724510125,0.0002637287880465854,1.711493730545044,QSVM ZZ-reps1-bw1.0
QSVM,ZZ-reps1-bw0.5,8,0.5,0,3,1.0,0.5404761904761904,0.5538961136176497,0.8961057801920325,0.1261609065025,0.01109065069297529,0.0016993280930963541,1.4778215885162354,QSVM ZZ-reps1-bw0.5
QSVM,ZZ-reps1-bw0.25,8,0.25,0,3,1.0,0.5879120879120879,0.5872633390705679,0.9276018604442973,0.21770485768393852,0.07774679743191117,0.01770139723641115,3.2260076999664307,QSVM ZZ-reps1-bw0.25
QSVM,ZZ-reps1-bw0.1,8,0.1,0,3,10.0,0.6323809523809525,0.6448442460037395,0.939704692408095,0.2248062302849737,0.5019075181598157,0.045447744679483135,5.411438941955566,QSVM ZZ-reps1-bw0.1
QSVM,ZZ-reps2-bw1.0,8,1.0,0,3,1.0,0.369047619047619,0.3756536796536797,0.76074377896327,0.07054777583677987,0.006512999740173171,0.00016057843087492117,8.809954166412354,QSVM ZZ-reps2-bw1.0
QSVM,ZZ-reps2-bw0.5,8,0.5,0,3,1.0,0.45787545787545786,0.4720130245147054,0.8491726641065286,0.09109221759196363,0.011929745250587548,0.0008527268146968294,8.85493278503418,QSVM ZZ-reps2-bw0.5
QSVM,ZZ-reps2-bw0.25,8,0.25,0,3,0.1,0.5945054945054945,0.5929420099522689,0.8845449883401404,0.20297222043782465,0.045931503484739594,0.008379108885995879,8.034629106521606,QSVM ZZ-reps2-bw0.25
QSVM,ZZ-reps2-bw0.1,8,0.1,0,3,1.0,0.6631501831501831,0.672219489421785,0.9325542856588935,0.24553733211423673,0.3589035909656054,0.04744043943013918,8.876334190368652,QSVM ZZ-reps2-bw0.1
SVM_RBF,classical,8,,0,3,0.1,0.7113186813186814,0.742566563946118,0.9502104201288454,,,,0.6113247871398926,SVM_RBF
LogReg_L2,classical,8,,0,3,10.0,0.7231135531135531,0.6845665735093124,0.9563813133425008,,,,0.3044414520263672,LogReg_L2
QSVM,ZZ-reps1-bw1.0,8,1.0,0,4,1.0,0.39194139194139194,0.39487918913384756,0.8578464466134402,0.08369616030642417,0.006132164498296013,0.00040405008526128716,4.902538061141968,QSVM ZZ-reps1-bw1.0
QSVM,ZZ-reps1-bw0.5,8,0.5,0,4,1.0,0.6001831501831502,0.5872459816070581,0.893301614113947,0.12385183999012785,0.011838161125440599,0.001848678973458234,4.983306169509888,QSVM ZZ-reps1-bw0.5
QSVM,ZZ-reps1-bw0.25,8,0.25,0,4,1.0,0.6880952380952381,0.7121351933271816,0.9495716824478675,0.2039243911368476,0.07711027291052011,0.01732249001564761,5.066755294799805,QSVM ZZ-reps1-bw0.25
QSVM,ZZ-reps1-bw0.1,8,0.1,0,4,1.0,0.6333333333333333,0.631137997028311,0.9642281711590742,0.20394309583538422,0.5019787956650659,0.043483515694462085,4.922404050827026,QSVM ZZ-reps1-bw0.1
QSVM,ZZ-reps2-bw1.0,8,1.0,0,4,1.0,0.34945054945054943,0.35658056806691796,0.8216370636082205,0.07480371388074004,0.007503704427389913,0.00024052458317802043,8.848947048187256,QSVM ZZ-reps2-bw1.0
QSVM,ZZ-reps2-bw0.5,8,0.5,0,4,1.0,0.44139194139194143,0.4590566623072478,0.8811904372054775,0.08518527818414037,0.009452742328826478,0.0006191840035643653,7.119314432144165,QSVM ZZ-reps2-bw0.5
QSVM,ZZ-reps2-bw0.25,8,0.25,0,4,0.1,0.55,0.550441801999586,0.9141948007103625,0.1770081854135127,0.03904610304514364,0.007079725615952294,2.5628247261047363,QSVM ZZ-reps2-bw0.25
QSVM,ZZ-reps2-bw0.1,8,0.1,0,4,1.0,0.6888278388278388,0.7054287108553351,0.9586376965264021,0.20834287082528913,0.3350928849808687,0.04413394384092576,2.750694751739502,QSVM ZZ-reps2-bw0.1
SVM_RBF,classical,8,,0,4,1.0,0.7384615384615385,0.7629092434605294,0.9646960546469657,,,,0.1579427719116211,SVM_RBF
LogReg_L2,classical,8,,0,4,10.0,0.8120879120879121,0.7734756124153853,0.9765118600057539,,,,0.14362716674804688,LogReg_L2
