,,bal_acc,bal_acc,macro_f1,macro_f1,macro_auc,macro_auc,kta,kta,offdiag_var,offdiag_var
,,mean,std,mean,std,mean,std,mean,std,mean,std
qubits,config,,,,,,,,,,
4,LogReg_L2,0.825,0.045,0.746,0.021,0.96,0.012,,,,
4,QSVM ZZ-reps1-bw0.1,0.693,0.04,0.718,0.043,0.956,0.014,0.273,0.105,0.043,0.001
4,QSVM ZZ-reps1-bw0.25,0.679,0.053,0.691,0.059,0.95,0.012,0.277,0.066,0.075,0.004
4,QSVM ZZ-reps1-bw0.5,0.622,0.068,0.619,0.067,0.927,0.028,0.196,0.032,0.031,0.003
4,QSVM ZZ-reps1-bw1.0,0.52,0.047,0.518,0.039,0.889,0.045,0.134,0.021,0.015,0.002
4,QSVM ZZ-reps2-bw0.1,0.712,0.033,0.733,0.028,0.957,0.015,0.275,0.09,0.059,0.002
4,QSVM ZZ-reps2-bw0.25,0.652,0.083,0.658,0.08,0.943,0.012,0.223,0.042,0.048,0.003
4,QSVM ZZ-reps2-bw0.5,0.582,0.048,0.586,0.052,0.912,0.025,0.127,0.018,0.02,0.002
4,QSVM ZZ-reps2-bw1.0,0.464,0.052,0.485,0.064,0.841,0.044,0.096,0.012,0.011,0.001
4,SVM_RBF,0.729,0.034,0.742,0.026,0.957,0.015,,,,
6,LogReg_L2,0.813,0.062,0.747,0.048,0.962,0.012,,,,
6,QSVM ZZ-reps1-bw0.1,0.725,0.039,0.751,0.025,0.949,0.009,0.244,0.083,0.047,0.001
6,QSVM ZZ-reps1-bw0.25,0.628,0.058,0.626,0.064,0.929,0.021,0.234,0.044,0.038,0.003
6,QSVM ZZ-reps1-bw0.5,0.553,0.076,0.559,0.069,0.913,0.023,0.154,0.017,0.008,0.001
6,QSVM ZZ-reps1-bw1.0,0.472,0.045,0.475,0.047,0.861,0.034,0.103,0.008,0.002,0.0
6,QSVM ZZ-reps2-bw0.1,0.669,0.032,0.691,0.023,0.945,0.011,0.249,0.075,0.055,0.001
6,QSVM ZZ-reps2-bw0.25,0.613,0.047,0.616,0.057,0.921,0.019,0.204,0.031,0.018,0.002
6,QSVM ZZ-reps2-bw0.5,0.52,0.039,0.538,0.053,0.889,0.017,0.107,0.014,0.004,0.0
6,QSVM ZZ-reps2-bw1.0,0.378,0.035,0.393,0.04,0.783,0.017,0.082,0.007,0.001,0.0
6,SVM_RBF,0.7,0.037,0.71,0.052,0.956,0.011,,,,
8,LogReg_L2,0.809,0.058,0.741,0.044,0.965,0.012,,,,
8,QSVM ZZ-reps1-bw0.1,0.696,0.065,0.704,0.066,0.954,0.01,0.243,0.073,0.045,0.001
8,QSVM ZZ-reps1-bw0.25,0.654,0.046,0.661,0.053,0.934,0.016,0.22,0.028,0.018,0.001
8,QSVM ZZ-reps1-bw0.5,0.595,0.046,0.603,0.05,0.908,0.013,0.127,0.005,0.002,0.0
8,QSVM ZZ-reps1-bw1.0,0.437,0.034,0.444,0.032,0.838,0.028,0.084,0.002,0.0,0.0
8,QSVM ZZ-reps2-bw0.1,0.718,0.052,0.722,0.041,0.949,0.011,0.251,0.07,0.046,0.002
8,QSVM ZZ-reps2-bw0.25,0.601,0.031,0.603,0.033,0.916,0.022,0.195,0.023,0.008,0.001
8,QSVM ZZ-reps2-bw0.5,0.493,0.048,0.5,0.039,0.869,0.014,0.093,0.01,0.001,0.0
8,QSVM ZZ-reps2-bw1.0,0.357,0.012,0.369,0.015,0.762,0.05,0.074,0.003,0.0,0.0
8,SVM_RBF,0.725,0.018,0.746,0.018,0.96,0.007,,,,
